Anthony01,
Anthony02,
Anthony03,
Anthony04,
Anthony05,
Anthony06,
Anthony07,
Anthony08,
Anthony09,
Anthony10,
Anthony11,
Anthony12,
Anthony13,
Anthony14,
Anthony15,
Anthony16,
Anthony17,
Anthony18,
Anthony19,
Anthony20,
Anthony21,
Anthony22,
Anthony23,
Anthony24,
Anthony25,
Anthony26,
Anthony27,
Anthony28,
Anthony29,
Anthony30,
Anthony31,
Anthony32,
Anthony33,
Anthony34,
Anthony35,
Anthony36,
Anthony37,
Anthony38,
Anthony39,
Anthony40,
Anthony41,
Anthony42,
Anthony43,
Anthony44,
Anthony45,
Anthony46,
Anthony47,
Anthony48,
Anthony49,
Anthony50,
Anthony51,
Anthony52,
Anthony53,
Anthony54,
Anthony55,
Anthony56,
Anthony57,
Anthony58,
Anthony59,
Anthony60,
Anthony61,
Anthony62,
Anthony63,
Anthony64,
Anthony65,
Anthony66,
Anthony67,
Anthony68,
Anthony69,
Anthony70,
Anthony71,
Anthony72,
Anthony73,
Anthony74,
Anthony75,
Anthony76,
Anthony77,
Anthony78,
Anthony79,
Anthony80,
Anthony81,
Anthony82,
Anthony83,
Anthony84,
Anthony85,
Anthony86,
Anthony87,
Anthony88,
Anthony89,
Anthony90,
Anthony91,
Anthony92,
Anthony93,
Anthony94,
Anthony95,
Anthony96,
Anthony97,
Anthony98,
Anthony99,
Anthony100,
Anthony101,
Anthony102,
Anthony103,
Anthony104,
Anthony105,
Anthony106,
Anthony107,
Anthony108,
Anthony109,
Anthony110,
Anthony111,
Anthony112,
Anthony113,
Anthony114,
Anthony115,
Anthony116,
Anthony117,
Anthony118,
Anthony119,
Anthony120,
Anthony121,
Anthony122,
Anthony123,
Anthony124,
Anthony125,
Anthony126,
Anthony127,
Anthony128,
Anthony129,
Anthony130,
Anthony131,
Anthony132,
Anthony133,
Anthony134,
Anthony135,
Anthony136,
Anthony137,
Anthony138,
Anthony139,
Anthony140,
Anthony141,
Anthony142,
Anthony143,
Anthony144,
Anthony145,
Anthony146,
Anthony147,
Anthony148,
Anthony149,
Anthony150,
Anthony151,
Anthony152,
Anthony153,
Anthony154,
Anthony155,
Anthony156,
Anthony157,
Anthony158,
Anthony159,
Anthony160,
Anthony161,
Anthony162,
Anthony163,
Anthony164,
Anthony165,
Anthony166,
Anthony167,
Anthony168,
Anthony169,
Anthony170,
Anthony171,
Anthony172,
Anthony173,
Anthony174,
Anthony175,
Anthony176,
Anthony177,
Anthony178,
Anthony179,
Anthony180,
Anthony181,
Anthony182,
Anthony183,
Anthony184,
Anthony185,
Anthony186,
Anthony187,
Anthony188,
Anthony189,
Anthony190,
Anthony191,
Anthony192,
Anthony193,
Anthony194,
Anthony195,
Anthony196,
Anthony197,
Anthony198,
Anthony199,
Anthony200,
Anthony201,
Anthony202,
Anthony203,
Anthony204,
Anthony205,
Anthony206,
Anthony207,
Anthony208,
Anthony209,
Anthony210,
Anthony211,
Anthony212,
Anthony213,
Anthony214,
Anthony215,
Anthony216,
Anthony217,
Anthony218,
Anthony219,
Anthony220,
Anthony221,
Anthony222,
Anthony223,
Anthony224,
Anthony225,
Anthony226,
Anthony227,
Anthony228,
Anthony229,
Anthony230,
Anthony231,
Anthony232,
Anthony233,
Anthony234,
Anthony235,
Anthony236,
Anthony237,
Anthony238,
Anthony239,
Anthony240,
Anthony241,
Anthony242,
Anthony243,
Anthony244,
Anthony245,
Anthony246,
Anthony247,
Anthony248,
Anthony249,
Anthony250,
Anthony251,
Anthony252,
Anthony253,
Anthony254,
Anthony255,
Anthony256,
Anthony257,
Anthony258,
Anthony259,
Anthony260,
Anthony261,
Anthony262,
Anthony263,
Anthony264,
Anthony265,
Anthony266,
Anthony267,
Anthony268,
Anthony269,
Anthony270,
Anthony271,
Anthony272,
Anthony273,
Anthony274,
Anthony275,
Anthony276,
Anthony277,
Anthony278,
Anthony279,
Anthony280,
Anthony281,
Anthony282,
Anthony283,
Anthony284,
Anthony285,
Anthony286,
Anthony287,
Anthony288,
Anthony289,
Anthony290,
Anthony291,
Anthony292,
Anthony293,
Anthony294,
Anthony295,
Anthony296,
Anthony297,
Anthony298,
Anthony299,
Anthony300,
Anthony301,
Anthony302,
Anthony303,
Anthony304,
Anthony305,
Anthony306,
Anthony307,
Anthony308,
Anthony309,
Anthony310,
Anthony311,
Anthony312,
Anthony313,
Anthony314,
Anthony315,
Anthony316,
Anthony317,
Anthony318,
Anthony319,
Anthony320,
Anthony321,
Anthony322,
Anthony323,
Anthony324,
Anthony325,
Anthony326,
Anthony327,
Anthony328,
Anthony329,
Anthony330,
Anthony331,
Anthony332,
Anthony333,
Anthony334,
Anthony335,
Anthony336,
Anthony337,
Anthony338,
Anthony339,
Anthony340,
Anthony341,
Anthony342,
Anthony343,
Anthony344,
Anthony345,
Anthony346,
Anthony347,
Anthony348,
Anthony349,
Anthony350,
Anthony351,
Anthony352,
Anthony353,
Anthony354,
Anthony355,
Anthony356,
Anthony357,
Anthony358,
Anthony359,
Anthony360,
Anthony361,
Anthony362,
Anthony363,
Anthony364,
Anthony365,
Anthony366,
Anthony367,
Anthony368,
Anthony369,
Anthony370,
Anthony371,
Anthony372,
Anthony373,
Anthony374,
Anthony375,
Anthony376,
Anthony377,
Anthony378,
Anthony379,
Anthony380,
Anthony381,
Anthony382,
Anthony383,
Anthony384,
Anthony385,
Anthony386,
Anthony387,
Anthony388,
Anthony389,
Anthony390,
Anthony391,
Anthony392,
Anthony393,
Anthony394,
Anthony395,
Anthony396,
Anthony397,
Anthony398,
Anthony399,
Anthony400,
Anthony401,
Anthony402,
Anthony403,
Anthony404,
Anthony405,
Anthony406,
Anthony407,
Anthony408,
Anthony409,
Anthony410,
Anthony411,
Anthony412,
Anthony413,
Anthony414,
Anthony415,
Anthony416,
Anthony417,
Anthony418,
Anthony419,
Anthony420,
Anthony421,
Anthony422,
Anthony423,
Anthony424,
Anthony425,
Anthony426,
Anthony427,
Anthony428,
Anthony429,
Anthony430,
Anthony431,
Anthony432,
Anthony433,
Anthony434,
Anthony435,
Anthony436,
Anthony437,
Anthony438,
Anthony439,
Anthony440,
Anthony441,
Anthony442,
Anthony443,
Anthony444,
Anthony445,
Anthony446,
Anthony447,
Anthony448,
Anthony449,
Anthony450,
Anthony451,
Anthony452,
Anthony453,
Anthony454,
Anthony455,
Anthony456,
Anthony457,
Anthony458,
Anthony459,
Anthony460,
Anthony461,
Anthony462,
Anthony463,
Anthony464,
Anthony465,
Anthony466,
Anthony467,
Anthony468,
Anthony469,
Anthony470,
Anthony471,
Anthony472,
Anthony473,
Anthony474,
Anthony475,
Anthony476,
Anthony477,
Anthony478,
Anthony479,
Anthony480,
Anthony481,
Anthony482,
Anthony483,
Anthony484,
Anthony485,
Anthony486,
Anthony487,
Anthony488,
Anthony489,
Anthony490,
Anthony491,
Anthony492,
Anthony493,
Anthony494,
Anthony495,
Anthony496,
Anthony497,
Anthony498,
Anthony499,
Anthony500,
Anthony501,
Anthony502,
Anthony503,
Anthony504,
Anthony505,
Anthony506,
Anthony507,
Anthony508,
Anthony509,
Anthony510,
Anthony511,
Anthony512,
Anthony513,
Anthony514,
Anthony515,
Anthony516,
Anthony517,
Anthony518,
Anthony519,
Anthony520,
Anthony521,
Anthony522,
Anthony523,
Anthony524,
Anthony525,
Anthony526,
Anthony527,
Anthony528,
Anthony529,
Anthony530,
Anthony531,
Anthony532,
Anthony533,
Anthony534,
Anthony535,
Anthony536,
Anthony537,
Anthony538,
Anthony539,
Anthony540,
Anthony541,
Anthony542,
Anthony543,
Anthony544,
Anthony545,
Anthony546,
Anthony547,
Anthony548,
Anthony549,
Anthony550,
Anthony551,
Anthony552,
Anthony553,
Anthony554,
Anthony555,
Anthony556,
Anthony557,
Anthony558,
Anthony559,
Anthony560,
Anthony561,
Anthony562,
Anthony563,
Anthony564,
Anthony565,
Anthony566,
Anthony567,
Anthony568,
Anthony569,
Anthony570,
Anthony571,
Anthony572,
Anthony573,
Anthony574,
Anthony575,
Anthony576,
Anthony577,
Anthony578,
Anthony579,
Anthony580,
Anthony581,
Anthony582,
Anthony583,
Anthony584,
Anthony585,
Anthony586,
Anthony587,
Anthony588,
Anthony589,
Anthony590,
Anthony591,
Anthony592,
Anthony593,
Anthony594,
Anthony595,
Anthony596,
Anthony597,
Anthony598,
Anthony599,
Anthony600,
Anthony601,
Anthony602,
Anthony603,
Anthony604,
Anthony605,
Anthony606,
Anthony607,
Anthony608,
Anthony609,
Anthony610,
Anthony611,
Anthony612,
Anthony613,
Anthony614,
Anthony615,
Anthony616,
Anthony617,
Anthony618,
Anthony619,
Anthony620,
Anthony621,
Anthony622,
Anthony623,
Anthony624,
Anthony625,
Anthony626,
Anthony627,
Anthony628,
Anthony629,
Anthony630,
Anthony631,
Anthony632,
Anthony633,
Anthony634,
Anthony635,
Anthony636,
Anthony637,
Anthony638,
Anthony639,
Anthony640,
Anthony641,
Anthony642,
Anthony643,
Anthony644,
Anthony645,
Anthony646,
Anthony647,
Anthony648,
Anthony649,
Anthony650,
Anthony651,
Anthony652,
Anthony653,
Anthony654,
Anthony655,
Anthony656,
Anthony657,
Anthony658,
Anthony659,
Anthony660,
Anthony661,
Anthony662,
Anthony663,
Anthony664,
Anthony665,
Anthony666,
Anthony667,
Anthony668,
Anthony669,
Anthony670,
Anthony671,
Anthony672,
Anthony673,
Anthony674,
Anthony675,
Anthony676,
Anthony677,
Anthony678,
Anthony679,
Anthony680,
Anthony681,
Anthony682,
Anthony683,
Anthony684,
Anthony685,
Anthony686,
Anthony687,
Anthony688,
Anthony689,
Anthony690,
Anthony691,
Anthony692,
Anthony693,
Anthony694,
Anthony695,
Anthony696,
Anthony697,
Anthony698,
Anthony699,
Anthony700,
Anthony701,
Anthony702,
Anthony703,
Anthony704,
Anthony705,
Anthony706,
Anthony707,
Anthony708,
Anthony709,
Anthony710,
Anthony711,
Anthony712,
Anthony713,
Anthony714,
Anthony715,
Anthony716,
Anthony717,
Anthony718,
Anthony719,
Anthony720,
Anthony721,
Anthony722,
Anthony723,
Anthony724,
Anthony725,
Anthony726,
Anthony727,
Anthony728,
Anthony729,
Anthony730,
Anthony731,
Anthony732,
Anthony733,
Anthony734,
Anthony735,
Anthony736,
Anthony737,
Anthony738,
Anthony739,
Anthony740,
Anthony741,
Anthony742,
Anthony743,
Anthony744,
Anthony745,
Anthony746,
Anthony747,
Anthony748,
Anthony749,
Anthony750,
Anthony751,
Anthony752,
Anthony753,
Anthony754,
Anthony755,
Anthony756,
Anthony757,
Anthony758,
Anthony759,
Anthony760,
Anthony761,
Anthony762,
Anthony763,
Anthony764,
Anthony765,
Anthony766,
Anthony767,
Anthony768,
Anthony769,
Anthony770,
Anthony771,
Anthony772,
Anthony773,
Anthony774,
Anthony775,
Anthony776,
Anthony777,
Anthony778,
Anthony779,
Anthony780,
Anthony781,
Anthony782,
Anthony783,
Anthony784,
Anthony785,
Anthony786,
Anthony787,
Anthony788,
Anthony789,
Anthony790,
Anthony791,
Anthony792,
Anthony793,
Anthony794,
Anthony795,
Anthony796,
Anthony797,
Anthony798,
Anthony799,
Anthony800,
Anthony801,
Anthony802,
Anthony803,
Anthony804,
Anthony805,
Anthony806,
Anthony807,
Anthony808,
Anthony809,
Anthony810,
Anthony811,
Anthony812,
Anthony813,
Anthony814,
Anthony815,
Anthony816,
Anthony817,
Anthony818,
Anthony819,
Anthony820,
Anthony821,
Anthony822,
Anthony823,
Anthony824,
Anthony825,
Anthony826,
Anthony827,
Anthony828,
Anthony829,
Anthony830,
Anthony831,
Anthony832,
Anthony833,
Anthony834,
Anthony835,
Anthony836,
Anthony837,
Anthony838,
Anthony839,
Anthony840,
Anthony841,
Anthony842,
Anthony843,
Anthony844,
Anthony845,
Anthony846,
Anthony847,
Anthony848,
Anthony849,
Anthony850,
Anthony851,
Anthony852,
Anthony853,
Anthony854,
Anthony855,
Anthony856,
Anthony857,
Anthony858,
Anthony859,
Anthony860,
Anthony861,
Anthony862,
Anthony863,
Anthony864,
Anthony865,
Anthony866,
Anthony867,
Anthony868,
Anthony869,
Anthony870,
Anthony871,
Anthony872,
Anthony873,
Anthony874,
Anthony875,
Anthony876,
Anthony877,
Anthony878,
Anthony879,
Anthony880,
Anthony881,
Anthony882,
Anthony883,
Anthony884,
Anthony885,
Anthony886,
Anthony887,
Anthony888,
Anthony889,
Anthony890,
Anthony891,
Anthony892,
Anthony893,
Anthony894,
Anthony895,
Anthony896,
Anthony897,
Anthony898,
Anthony899,
Anthony900,
Anthony901,
Anthony902,
Anthony903,
Anthony904,
Anthony905,
Anthony906,
Anthony907,
Anthony908,
Anthony909,
Anthony910,
Anthony911,
Anthony912,
Anthony913,
Anthony914,
Anthony915,
Anthony916,
Anthony917,
Anthony918,
Anthony919,
Anthony920,
Anthony921,
Anthony922,
Anthony923,
Anthony924,
Anthony925,
Anthony926,
Anthony927,
Anthony928,
Anthony929,
Anthony930,
Anthony931,
Anthony932,
Anthony933,
Anthony934,
Anthony935,
Anthony936,
Anthony937,
Anthony938,
Anthony939,
Anthony940,
Anthony941,
Anthony942,
Anthony943,
Anthony944,
Anthony945,
Anthony946,
Anthony947,
Anthony948,
Anthony949,
Anthony950,
Anthony951,
Anthony952,
Anthony953,
Anthony954,
Anthony955,
Anthony956,
Anthony957,
Anthony958,
Anthony959,
Anthony960,
Anthony961,
Anthony962,
Anthony963,
Anthony964,
Anthony965,
Anthony966,
Anthony967,
Anthony968,
Anthony969,
Anthony970,
Anthony971,
Anthony972,
Anthony973,
Anthony974,
Anthony975,
Anthony976,
Anthony977,
Anthony978,
Anthony979,
Anthony980,
Anthony981,
Anthony982,
Anthony983,
Anthony984,
Anthony985,
Anthony986,
Anthony987,
Anthony988,
Anthony989,
Anthony990,
Anthony991,
Anthony992,
Anthony993,
Anthony994,
Anthony995,
Anthony996,
Anthony997,
Anthony998,
Anthony999,
Anthony1000,
Anthony1001,
Anthony1002,
Anthony1003,
Anthony1004,
Anthony1005,
Anthony1006,
Anthony1007,
Anthony1008,
Anthony1009,
Anthony1010,
Anthony1011,
Anthony1012,
Anthony1013,
Anthony1014,
Anthony1015,
Anthony1016,
Anthony1017,
Anthony1018,
Anthony1019,
Anthony1020,
Anthony1021,
Anthony1022,
Anthony1023,
Anthony1024,
Anthony1025,
Anthony1026,
Anthony1027,
Anthony1028,
Anthony1029,
Anthony1030,
Anthony1031,
Anthony1032,
Anthony1033,
Anthony1034,
Anthony1035,
Anthony1036,
Anthony1037,
Anthony1038,
Anthony1039,
Anthony1040,
Anthony1041,
Anthony1042,
Anthony1043,
Anthony1044,
Anthony1045,
Anthony1046,
Anthony1047,
Anthony1048,
Anthony1049,
Anthony1050,
Anthony1051,
Anthony1052,
Anthony1053,
Anthony1054,
Anthony1055,
Anthony1056,
Anthony1057,
Anthony1058,
Anthony1059,
Anthony1060,
Anthony1061,
Anthony1062,
Anthony1063,
Anthony1064,
Anthony1065,
Anthony1066,
Anthony1067,
Anthony1068,
Anthony1069,
Anthony1070,
Anthony1071,
Anthony1072,
Anthony1073,
Anthony1074,
Anthony1075,
Anthony1076,
Anthony1077,
Anthony1078,
Anthony1079,
Anthony1080,
Anthony1081,
Anthony1082,
Anthony1083,
Anthony1084,
Anthony1085,
Anthony1086,
Anthony1087,
Anthony1088,
Anthony1089,
Anthony1090,
Anthony1091,
Anthony1092,
Anthony1093,
Anthony1094,
Anthony1095,
Anthony1096,
Anthony1097,
Anthony1098,
Anthony1099,
Anthony1100,
Anthony1101,
Anthony1102,
Anthony1103,
Anthony1104,
Anthony1105,
Anthony1106,
Anthony1107,
Anthony1108,
Anthony1109,
Anthony1110,
Anthony1111,
Anthony1112,
Anthony1113,
Anthony1114,
Anthony1115,
Anthony1116,
Anthony1117,
Anthony1118,
Anthony1119,
Anthony1120,
Anthony1121,
Anthony1122,
Anthony1123,
Anthony1124,
Anthony1125,
Anthony1126,
Anthony1127,
Anthony1128,
Anthony1129,
Anthony1130,
Anthony1131,
Anthony1132,
Anthony1133,
Anthony1134,
Anthony1135,
Anthony1136,
Anthony1137,
Anthony1138,
Anthony1139,
Anthony1140,
Anthony1141,
Anthony1142,
Anthony1143,
Anthony1144,
Anthony1145,
Anthony1146,
Anthony1147,
Anthony1148,
Anthony1149,
Anthony1150,
Anthony1151,
Anthony1152,
Anthony1153